{
  "train_loss": [
    3.424989612229874,
    3.265727522147715,
    3.221753585780713,
    3.199413056284386,
    3.1879171425574633,
    2.983607477317689,
    2.7446498243193607,
    2.6235771810946877,
    2.5351820905814857,
    2.475581123534672,
    2.4296802356214977,
    2.3935062377495804,
    2.362728629285222,
    2.339723354019346,
    2.319644245131516,
    2.304398638219697,
    2.292645463630097,
    2.2840194162251404,
    2.278963873518949,
    2.275661724927725
  ],
  "val_loss": [
    3.2730627033233644,
    3.209731564331055,
    3.180333623886108,
    3.15314744682312,
    3.150833554840088,
    2.807182720565796,
    2.6677452087402345,
    2.5669679847717286,
    2.501119997406006,
    2.4582636108398437,
    2.4277749534606934,
    2.409644539260864,
    2.387968741607666,
    2.3727568798065186,
    2.3602031505584717,
    2.3563102935791016,
    2.3408097164154054,
    2.3459088233947756,
    2.3395080402374266,
    2.3419085971832274
  ],
  "train_acc": [
    0.3150811162680599,
    0.33275846035489953,
    0.33607243399528264,
    0.33867627042701226,
    0.33905670107450525,
    0.3629984698233956,
    0.405429168040444,
    0.4307404871203091,
    0.4515880866029234,
    0.46573165267527283,
    0.47773635310727297,
    0.4850575295679153,
    0.4928352228055492,
    0.4998689627769746,
    0.502608063438924,
    0.5084159713239832,
    0.5117299449643663,
    0.5122879099140226,
    0.514934016417696,
    0.5161598485040622
  ],
  "val_acc": [
    0.3312,
    0.3378,
    0.3374,
    0.3394,
    0.3386,
    0.3888,
    0.4254,
    0.4486,
    0.4622,
    0.4774,
    0.4802,
    0.4848,
    0.4948,
    0.4978,
    0.5026,
    0.5022,
    0.5084,
    0.5042,
    0.505,
    0.5068
  ],
  "lr": [
    0.00027278492169842996,
    0.00020153492169843,
    0.00011346507830156999,
    4.2215078301569996e-05,
    1.4999999999999999e-05,
    4.945915311816169e-05,
    4.786025007665437e-05,
    4.527317061077995e-05,
    4.181098250738174e-05,
    3.7625e-05,
    3.289817061077995e-05,
    2.7837079465874424e-05,
    2.266292053412558e-05,
    1.7601829389220053e-05,
    1.2875000000000006e-05,
    8.689017492618268e-06,
    5.2268293892200535e-06,
    2.6397499233456257e-06,
    1.0408468818383093e-06,
    5e-07
  ],
  "phase": [
    "frozen",
    "frozen",
    "frozen",
    "frozen",
    "frozen",
    "full",
    "full",
    "full",
    "full",
    "full",
    "full",
    "full",
    "full",
    "full",
    "full",
    "full",
    "full",
    "full",
    "full",
    "full"
  ]
}